,article_id,category,title
0,jan-0418,technology,21st-Century Sports: How Digital Technology Is Changing the Face Of The Sporting Industry
1,jan-0027,business,Asian quake hits European shares
2,jan-0631,technology,BT offers free net phone calls
3,jan-2105,business,Barclays shares up on merger talk
4,jan-3300,sport,Barkley fit for match in Ireland
5,jan-4187,sport,Bellamy under new fire
6,jan-1974,sport,Benitez 'to launch Morientes bid'
7,jan-3666,sport,Benitez delight after crucial win
8,jan-2629,technology,Big war games battle it out
9,jan-2415,technology,British Library gets wireless net
10,jan-4210,sport,Brizzel to run AAA's in Sheffield
11,jan-4789,business,Bush budget seeks deep cutbacks
12,jan-3452,business,Bush to get 'tough' on deficit
13,jan-2428,technology,Cable offers video-on-demand
14,jan-4766,technology,Cabs collect mountain of mobiles
15,jan-2595,technology,Camera phones are 'must-haves'
16,jan-2935,business,Card fraudsters 'targeting web'
17,jan-0578,business,Cash gives way to flexible friend
18,jan-3023,technology,Cebit opens to mobile music tune
19,jan-2356,sport,Charvis set to lose fitness bid
20,jan-1023,sport,Chelsea hold Arsenal
21,jan-0641,business,Christmas sales worst since 1981
22,jan-2461,sport,Clijsters set for February return
23,jan-4541,sport,Clyde 0-5 Celtic
24,jan-1259,sport,Coach Ranieri sacked by Valencia
25,jan-4007,technology,Confusion over high-definition TV
26,jan-4171,business,Cuba winds back economic clock
27,jan-0272,technology,DS aims to touch gamers
28,jan-4894,sport,Dawson set for new Wasps contract
29,jan-4504,business,Diageo to buy US wine firm
30,jan-1740,technology,Digital guru floats sub-$100 PC
31,jan-2390,business,EU aiming to fuel development aid
32,jan-4471,sport,England 17-18 France
33,jan-3978,business,Enron bosses in $168m payout
34,jan-2209,business,Euronext 'poised to make LSE bid'
35,jan-0858,business,Europe asks Asia for euro help
36,jan-3187,business,Europe blames US over weak dollar
37,jan-1282,business,Fannie Mae 'should restate books'
38,jan-3414,technology,Featured: 'Brainwave' cap controls computer
39,jan-2289,technology,Featured: 'Evil twin' fear for wireless net
40,jan-1899,technology,Featured: 'Friends fear' with lost mobiles
41,jan-3686,business,Featured: 'Post-Christmas lull' in lending
42,jan-3679,business,Fed warns of more US rate rises
43,jan-1469,sport,Federer forced to dig deep
44,jan-4815,sport,Ferguson puts faith in youngsters
45,jan-1761,business,GE sees 'excellent' world economy
46,jan-4519,business,GM issues 2005 profits warning
47,jan-0248,technology,Gangsters dominate gaming chart
48,jan-1280,sport,Gardener wins double in Glasgow
49,jan-0154,business,Gazprom 'in $36m back-tax claim'
50,jan-4182,business,German growth goes into reverse
51,jan-3155,business,Germany calls for EU reform
52,jan-0502,technology,Go-ahead for new internet names
53,jan-1027,sport,Greek duo cleared in doping case
54,jan-3810,sport,Hansen 'delays return until 2006'
55,jan-1481,sport,Henman & Murray claim LTA awards
56,jan-2551,sport,Henman decides to quit Davis Cup
57,jan-0989,technology,Hi-tech posters guide commuters
58,jan-0633,sport,Hodgson shoulders England blame
59,jan-1566,technology,Hollywood to sue net film pirates
60,jan-0791,sport,Holmes secures comeback victory
61,jan-2691,business,House prices suffer festive fall
62,jan-3650,sport,IAAF launches fight against drugs
63,jan-1867,business,India-Pakistan peace boosts trade
64,jan-2835,business,Iraqi voters turn to economic issues
65,jan-1079,sport,Jansen suffers a further setback
66,jan-4592,technology,Latest Opera browser gets vocal
67,jan-4111,business,Laura Ashley chief stepping down
68,jan-0599,technology,Learning to love broadband
69,jan-0969,technology,Mac Mini heralds mini revolution
70,jan-2042,business,Macy's owner buys rival for $11bn
71,jan-0050,business,Madagascar completes currency switch
72,jan-4860,sport,McLeish ready for criticism
73,jan-0180,technology,Mobile games come of age
74,jan-1582,technology,More power to the people says HP
75,jan-4456,sport,Mourinho sends out warning shot
76,jan-3002,sport,Moya suffers shock loss
77,jan-2380,sport,Moyes U-turn on Beattie dismissal
78,jan-3243,sport,Murray returns to Scotland fold
79,jan-3151,business,Mystery surrounds new Yukos owner
80,jan-2619,sport,Off-colour Gardener storms to win
81,jan-1811,business,Oil companies get Russian setback
82,jan-3831,sport,Owen may have to return home
83,jan-4567,sport,Pearce keen on succeeding Keegan
84,jan-3938,technology,Poles play with GameBoy 'blip-pop'
85,jan-4175,sport,Premier League probes Cole claims
86,jan-0237,sport,Prodigy Monfils blows away Gaudio
87,jan-0924,technology,Remote control rifle range debuts
88,jan-1731,sport,Robinson ready for difficult task
89,jan-3981,technology,Row brewing over peer-to-peer ads
90,jan-2769,sport,Rusedski angry over supplements
91,jan-2140,business,S Korean lender faces liquidation
92,jan-3329,sport,SFA awaits report over Mikoliunas
93,jan-1087,sport,Safin cool on Wimbledon
94,jan-0480,sport,Safin plays down Wimbledon hopes
95,jan-2591,technology,Satellite mapping aids Darfur relief
96,jan-2407,technology,Search sites get closer to users
97,jan-1520,technology,Security scares spark browser fix
98,jan-3036,business,Senior Fannie Mae bosses resign
99,jan-1051,technology,Solutions to net security fears
100,jan-2864,business,Split-caps pay £194m compensation
101,jan-4078,sport,Sports Stock Tips
102,jan-0269,business,Strong quarterly growth for Nike
103,jan-1728,technology,T-Mobile bets on 'pocket office'
104,jan-0976,sport,Thanou desperate to make return
105,jan-3315,sport,Thompson says Gerrard should stay
106,jan-3425,sport,Time to get tough on friendlies?
107,jan-1296,technology,US peer-to-peer pirates convicted
108,jan-4675,technology,US top of supercomputing charts
109,jan-3694,business,Venezuela and China sign oil deal
110,jan-1550,business,Weak end-of-year sales hit Next
111,jan-1587,sport,Williams says he will never quit
112,jan-0587,business,Winemaker rejects Foster's offer
113,jan-1650,business,Worldcom boss 'left books alone'
114,jan-0867,technology,Xbox 2 may be unveiled in summer
115,jan-0457,technology,Xbox power cable 'fire fear'
116,jan-2075,business,Yangtze Electric's profits double
117,jan-3244,business,Yukos loses US bankruptcy battle
118,feb-3392,business,7 business technology trends to watch
119,feb-0704,sport,A November to remember
120,feb-0913,technology,A question of trust and technology
121,feb-3975,business,Ad sales boost Time Warner profit
122,feb-0641,sport,African double in Edinburgh
123,feb-0608,business,Air passengers win new EU rights
124,feb-4436,technology,Anti-spam screensaver scrapped
125,feb-0930,sport,Arsenal through on penalties
126,feb-4492,business,BP surges ahead on high oil price
127,feb-4474,business,Bank holds interest rate at 4.75%
128,feb-4340,business,Bank set to leave rates on hold
129,feb-1116,sport,Bekele sets sights on world mark
130,feb-2873,sport,Bitter Santini hits out at Spurs
131,feb-2303,technology,Blogs take on the mainstream
132,feb-2977,business,Brewers' profits lose their fizz
133,feb-4547,business,Bush to outline 'toughest' budget
134,feb-3154,business,Buyers snap up Jet Airways' shares
135,feb-1466,business,Cairn shares up on new oil find
136,feb-3116,sport,Campbell to extend sprint career
137,feb-3641,sport,Celtic make late bid for Bellamy
138,feb-3724,sport,Charlton 1-2 Liverpool
139,feb-1553,sport,Chepkemei joins Edinburgh line-up
140,feb-0192,business,"Chinese billionaire targets Manchester United shares in new deal, reports suggest"
141,feb-2830,sport,Collins calls for Chambers return
142,feb-2366,technology,Commodore finds new lease of life
143,feb-3261,technology,Creator of first Apple Mac dies
144,feb-2526,sport,Cudicini misses Carling Cup final
145,feb-3097,sport,Davenport hits out at Wimbledon
146,feb-1454,sport,Davies favours Gloucester future
147,feb-0258,business,Deutsche Telekom sees mobile gain
148,feb-4548,sport,"Dibaba breaks 5,000m world record"
149,feb-0679,sport,Dogged Federer claims Dubai crown
150,feb-1000,business,Dollar hovers around record lows
151,feb-1821,sport,Dundee Utd 4-1 Aberdeen
152,feb-4494,business,EC calls truce in deficit battle
153,feb-0250,business,EU-US seeking deal on air dispute
154,feb-2382,business,Egypt and Israel seal trade deal
155,feb-4407,business,Egypt to sell off state-owned bank
156,feb-3768,sport,El Guerrouj targets cross country
157,feb-3375,sport,FA ready to test out goal bleeper
158,feb-2553,business,FBI agent colludes with analyst
159,feb-2750,technology,Fast moving phone bugs appear
160,feb-0829,sport,Ferguson fears Milan cutting edge
161,feb-3941,sport,Finnan says Irish can win group
162,feb-1333,sport,Fit-again Betsen in France squad
163,feb-3708,business,Five million Germans out of work
164,feb-1684,technology,Format wars could 'confuse users'
165,feb-4876,sport,Giggs handed Wales leading role
166,feb-1493,technology,Gritty return for Prince of Persia
167,feb-0113,sport,Hewitt survives Nalbandian epic
168,feb-2502,business,Honda wins China copyright ruling
169,feb-2351,business,India seeks to boost construction
170,feb-1245,business,India's Deccan gets more planes
171,feb-2809,business,Indy buys into India paper
172,feb-4569,business,Intercom raises €101m in funding round making it the most valuable Irish tech firm
173,feb-4323,business,Iranian MPs threaten mobile deal
174,feb-3937,business,Irish company hit by Iraqi report
175,feb-1582,sport,Italy aim to rattle England
176,feb-1312,business,Italy to get economic action plan
177,feb-2836,sport,Juninho demand for O'Neill talks
178,feb-0505,sport,Kenyon denies Robben Barca return
179,feb-3556,sport,Kerr frustrated at victory margin
180,feb-4691,sport,Klinsmann issues Lehmann warning
181,feb-4543,business,LSE 'sets date for takeover deal'
182,feb-3028,sport,Lewis-Francis eyeing world gold
183,feb-1960,technology,Lifestyle 'governs mobile choice'
184,feb-4127,technology,Looks and music to drive mobiles
185,feb-4247,sport,Man Utd through after Exeter test
186,feb-2114,sport,Martinez sees off Vinci challenge
187,feb-0571,technology,Microsoft makes anti-piracy move
188,feb-0451,sport,Middlesbrough 2-2 Charlton
189,feb-1201,sport,Mido makes third apology
190,feb-4578,technology,Millions buy MP3 players in US
191,feb-3474,business,Mixed signals from French economy
192,feb-4987,technology,Mobile picture power in your pocket
193,feb-4718,sport,Moore questions captaincy
194,feb-2135,sport,More Africans for tsunami game
195,feb-1118,sport,Murphy: That was a bruising battle
196,feb-4768,sport,Navratilova hits out at critics
197,feb-4017,sport,O'Driscoll out of Scotland game
198,feb-1005,sport,O'Gara revels in Ireland victory
199,feb-0504,sport,Owen dismisses fresh Real rumours
200,feb-1308,technology,PC ownership to 'double by 2010'
201,feb-2371,sport,Paris promise raises Welsh hopes
202,feb-3067,business,Parmalat sues 45 banks over crash
203,feb-1134,technology,Progress on new internet domains
204,feb-1004,business,Qantas considers offshore option
205,feb-0814,sport,Radcliffe tackles marathon tasks
206,feb-4229,sport,Rangers seal Old Firm win
207,feb-0630,sport,Record fails to lift lacklustre meet
208,feb-2030,business,Record year for Chilean copper
209,feb-1336,sport,Republic to face China and Italy
210,feb-3074,sport,Robben sidelined with broken foot
211,feb-1812,technology,Robots learn 'robotiquette' rules
212,feb-1149,technology,Rolling out next generation's net
213,feb-0800,business,Russia WTO talks 'make progress'
214,feb-2206,technology,Screensaver tackles spam websites
215,feb-0110,technology,Slim PlayStation triples sales
216,feb-3700,business,Standard Life concern at LSE bid
217,feb-4539,business,"Steel firm 'to cut' 45,000 jobs"
218,feb-0707,sport,Stuart joins Norwich from Addicks
219,feb-2055,technology,Sun offers processing by the hour
220,feb-4838,technology,Tech helps disabled speed demons
221,feb-2802,technology,Telewest to challenge Sky Plus
222,feb-2640,sport,Thanou bullish over drugs hearing
223,feb-4399,technology,The Force is strong in Battlefront
224,feb-0406,technology,The gaming world in 2005
225,feb-2304,business,Turkey knocks six zeros off lira
226,feb-2170,business,UK Coal plunges into deeper loss
227,feb-3783,business,US trade gap ballooned in October
228,feb-4402,business,Unilever shake up as profit slips
229,feb-1028,sport,Wales get Williams fitness boost
230,feb-2316,sport,Wales stars need a rest - Ruddock
231,feb-0243,business,Wall Street cool to eBay's profit
232,feb-2017,technology,Warnings about junk mail deluge
233,feb-2660,technology,Web radio takes Spanish rap global
234,feb-0224,sport,Wenger shock at Newcastle dip
235,feb-2955,technology,When invention turns to innovation
236,feb-4616,technology,Who do you think you are?
237,feb-0576,sport,Wilkinson to miss Ireland match
238,feb-0519,business,Winn-Dixie files for bankruptcy
239,feb-1952,business,Yukos sues four firms for $20bn
240,mar-1126,sport,A year to remember for Irish
241,mar-3331,sport,An Irish Athletics Year
242,mar-3141,sport,Arnesen denies rift with Santini
243,mar-3697,business,Asia shares defy post-quake gloom
244,mar-3655,business,Bank payout to Pinochet victims
245,mar-2120,sport,Barcelona title hopes hit by loss
246,mar-2380,business,Bargain calls widen Softbank loss
247,mar-1445,sport,Bayern Munich 3-1 Arsenal
248,mar-1627,sport,Benitez deflects blame from Dudek
249,mar-0220,technology,Blog reading explodes in America
250,mar-1595,technology,Broadband challenges TV viewing
251,mar-4085,technology,Broadband in the UK growing fast
252,mar-2495,sport,Calder fears for Scottish rugby
253,mar-4902,sport,Captains lining up for Aid match
254,mar-3484,sport,Celts savour Grand Slam prospect
255,mar-1905,sport,Chelsea ridiculed over complaint
256,mar-1702,business,China keeps tight rein on credit
257,mar-4607,technology,China net cafe culture crackdown
258,mar-4510,business,China suspends 26 power projects
259,mar-1543,business,Christmas shoppers flock to tills
260,mar-0210,sport,Collins named UK Athletics chief
261,mar-1989,technology,Court mulls file-sharing future
262,mar-4293,business,Crude oil prices back above $50
263,mar-0521,technology,Cyber criminals step up the pace
264,mar-3692,technology,DVD copy protection strengthened
265,mar-2874,business,Deutsche attacks Yukos case
266,mar-3420,sport,Disappointed Scott in solid start
267,mar-3360,business,Durex maker SSL awaits firm bid
268,mar-0037,technology,EA to take on film and TV giants
269,mar-2432,sport,Edu blasts Arsenal
270,mar-1244,technology,Europe backs digital TV lifestyle
271,mar-1251,sport,Farrell saga to drag on - Lindsay
272,mar-0183,business,Featured: 'Golden economic period' to end
273,mar-2000,business,Feta cheese battle reaches court
274,mar-3083,business,Firms pump billions into pensions
275,mar-3722,technology,First look at PlayStation 3 chip
276,mar-1165,business,Ford gains from finance not cars
277,mar-2123,sport,Fuming Robinson blasts officials
278,mar-3909,sport,GB quartet get cross country call
279,mar-0579,technology,Gadget market 'to grow in 2005'
280,mar-3023,technology,Gadgets galore on show at fair
281,mar-0977,technology,Games help you 'learn and play'
282,mar-4216,business,Gaming firm to sell UK dog tracks
283,mar-2195,business,Germany nears 1990 jobless level
284,mar-4576,sport,Greek pair attend drugs hearing
285,mar-2382,sport,Gronkjaer agrees switch to Madrid
286,mar-0012,technology,Half of UK's mobiles 'go online'
287,mar-4343,sport,Hantuchova in Dubai last eight
288,mar-3567,technology,Have hackers recruited your PC?
289,mar-1674,sport,Healey targets England comeback
290,mar-3810,business,High fuel costs hit US airlines
291,mar-3301,business,High fuel prices hit BA's profits
292,mar-2795,technology,Hotspot users gain free net calls
293,mar-3037,business,House prices drop as sales slow
294,mar-1629,business,House prices show slight increase
295,mar-0481,technology,ITunes user sues Apple over iPod
296,mar-0388,business,India widens access to telecoms
297,mar-1453,technology,Iran jails blogger for 14 years
298,mar-1606,business,Irish duo could block Man Utd bid
299,mar-1230,sport,Italy 8-38 Wales
300,mar-3153,sport,Johnson uncertain about Euro bid
301,mar-0170,sport,Kirwan demands Italy consistency
302,mar-4481,business,Liberian economy starts to grow
303,mar-4754,business,Malaysia lifts Islamic bank limit
304,mar-3612,sport,Man Utd stroll to Cup win
305,mar-3927,technology,Man auctions ad space on forehead
306,mar-4340,business,Manufacturing recovery 'slowing'
307,mar-1335,business,Markets signal Brazilian recovery
308,mar-2040,sport,Merritt close to indoor 400m mark
309,mar-0033,technology,Microsoft debuts security tools
310,mar-2536,technology,Microsoft releases patches
311,mar-4512,business,Minister hits out at Yukos sale
312,mar-4615,sport,Mirza shocks Kuznetsova
313,mar-4246,sport,Mourinho receives Robson warning
314,mar-4861,sport,Moya emotional after Davis Cup win
315,mar-4279,business,Nasdaq planning $100m share sale
316,mar-4599,sport,Newcastle 2-1 Bolton
317,mar-2276,sport,Newcastle to join Morientes race
318,mar-1739,business,News Corp makes $5.4bn Fox offer
319,mar-4407,business,Nigeria to boost cocoa production
320,mar-3144,technology,Nintendo DS aims to touch gamers
321,mar-0182,business,Novartis hits acquisition trail
322,mar-2488,business,Profits stall at China's Lenovo
323,mar-4584,business,Putin backs state grab for Yukos
324,mar-4102,business,Quiksilver moves for Rossignol
325,mar-3792,sport,Redknapp poised for Saints
326,mar-0131,sport,Robertson out to retain Euro lure
327,mar-4398,technology,Seamen sail into biometric future
328,mar-0463,business,Singapore growth at 8.1% in 2004
329,mar-0029,sport,Slovakia reach Hopman Cup final
330,mar-4749,sport,Sociedad set to rescue Mladenovic
331,mar-3392,technology,Sony wares win innovation award
332,mar-0952,business,Soros group warns of Kazakh close
333,mar-1203,technology,Sport-loving inventors whose tech could change the game
334,mar-2048,sport,Sprinter Walker quits athletics
335,mar-3318,business,Stock market eyes Japan recovery
336,mar-2788,business,Swiss cement firm in buying spree
337,mar-4562,technology,Text message record smashed
338,mar-0620,technology,The pirates with no profit motive
339,mar-4001,business,Tsunami to cost Sri Lanka $1.3bn
340,mar-1599,sport,UK Athletics agrees new kit deal
341,mar-2785,technology,US cyber security chief resigns
342,mar-1454,technology,US hacker breaks into T-Mobile
343,mar-1913,business,US industrial output growth eases
344,mar-4140,business,"US insurer Marsh cuts 2,500 jobs"
345,mar-4357,business,US manufacturing expands
346,mar-4898,business,US to rule on Yukos refuge call
347,mar-0550,sport,Van Nistelrooy set to return
348,mar-2508,sport,Vickery upbeat about arm injury
349,mar-2039,technology,Video phones act as dating tools
350,mar-4111,business,Virgin Blue shares plummet 20%
351,mar-4582,sport,Wada will appeal against ruling
352,mar-3651,sport,Wales critical of clumsy Grewcock
353,mar-3663,sport,Wales silent on Grand Slam talk
354,mar-4500,sport,Wenger rules out new keeper
355,mar-1916,sport,Wenger signs new deal
356,apr-1897,business,Axa Sun Life cuts bonus payments
357,apr-2967,technology,BT boosts its broadband packages
358,apr-2939,sport,Bates seals takeover
359,apr-0145,technology,Beckham virus spotted on the net
360,apr-1938,technology,Broadband fuels online expression
361,apr-1748,technology,Broadband in the UK gathers pace
362,apr-2559,business,Burren awarded Egyptian contracts
363,apr-1306,business,Business fears over sluggish EU economy
364,apr-2454,sport,Candela completes Bolton switch
365,apr-0039,business,Cannabis hopes for drug firm
366,apr-1044,sport,Castaignede fires Laporte warning
367,apr-2151,technology,Casual gaming to 'take off'
368,apr-2808,sport,Chelsea sack Mutu
369,apr-4324,business,China Aviation seeks rescue deal
370,apr-2873,sport,Classy Henman makes winning start
371,apr-4741,sport,Collins banned in landmark case
372,apr-0433,technology,Concerns over Windows ATMs
373,apr-4890,sport,Connors boost for British tennis
374,apr-4575,business,Crossrail link 'to get go-ahead'
375,apr-0228,technology,Cyber crime booms in 2004
376,apr-4827,technology,Disney backs Sony DVD technology
377,apr-1926,business,Dollar slides ahead of New Year
378,apr-1571,business,Economy 'stronger than forecast'
379,apr-1904,business,Electrolux to export Europe jobs
380,apr-3933,business,Ethiopia's crop production up 24%
381,apr-4960,sport,FA charges Liverpool and Millwall
382,apr-4241,sport,FA probes crowd trouble
383,apr-4901,technology,Format wars could 'confuse users'
384,apr-0724,business,GM in crunch talks on Fiat future
385,apr-4907,technology,Game makers get Xbox 2 sneak peek
386,apr-3088,technology,Gamers could drive high-definition
387,apr-0395,technology,Google launches TV search service
388,apr-4460,sport,Harinordoquy suffers France axe
389,apr-0524,sport,Hearts of Oak 3-2 Cotonsport
390,apr-3536,sport,Hodges announces rugby retirement
391,apr-4694,sport,Holmes feted with further honour
392,apr-3827,technology,Honour for UK games maker
393,apr-2270,sport,Houllier praises Benitez regime
394,apr-0205,technology,Humanoid robot learns how to run
395,apr-1858,sport,Ireland v USA (Sat)
396,apr-3390,sport,Isinbayeva heads for Birmingham
397,apr-3841,sport,Israeli club look to Africa
398,apr-4467,technology,Junk e-mails on relentless rise
399,apr-3842,sport,Kluft impressed by Sotherton form
400,apr-3718,business,Latin America sees strong growth
401,apr-0784,business,Libya takes $1bn in unfrozen funds
402,apr-2677,technology,Loyalty cards idea for TV addicts
403,apr-3475,sport,Man City 1-1 Newcastle
404,apr-2558,sport,McCall earns Tannadice reprieve
405,apr-2706,sport,McClaren eyes Uefa Cup top spot
406,apr-4921,sport,McClaren hails Boro's Uefa spirit
407,apr-0240,sport,McIlroy aiming for Madrid title
408,apr-2106,technology,Microsoft makes anti-piracy move
409,apr-0622,technology,Microsoft seeking spyware trojan
410,apr-4699,business,Mild winter drives US oil down 6%
411,apr-4622,technology,Millions to miss out on the net
412,apr-2061,sport,Minister digs in over doping row
413,apr-0646,sport,Mirza makes Indian tennis history
414,apr-4064,business,Mitsubishi in Peugeot link talks
415,apr-4854,technology,Mobile multimedia slow to catch on
416,apr-4446,technology,Mobiles 'not media players yet'
417,apr-0150,sport,Morientes admits to Reds struggle
418,apr-3146,sport,Mourinho plots impressive course
419,apr-1270,sport,Mourinho says race is almost over
420,apr-2879,sport,Moya sidesteps Davis Cup in 2005
421,apr-1276,sport,Nadal marches on in Mexico
422,apr-0061,technology,Nintendo adds media playing to DS
423,apr-1620,sport,O'Connell rejects Lions rumours
424,apr-2704,sport,O'Driscoll concern at Fifa ruling
425,apr-4823,business,Oil prices fall back from highs
426,apr-0564,business,Ore costs hit global steel firms
427,apr-0338,sport,Parry relishes Anfield challenge
428,apr-4399,business,Peugeot deal boosts Mitsubishi
429,apr-4686,technology,PlayStation 3 chip to be unveiled
430,apr-2813,technology,Portable PlayStation ready to go
431,apr-0953,sport,Premier League planning Cole date
432,apr-2019,business,Qantas sees profits fly to record
433,apr-0042,sport,Radcliffe yet to answer GB call
434,apr-4569,sport,Redknapp's Saints face Pompey tie
435,apr-2560,sport,Reds sink 10-man Magpies
436,apr-1918,business,Reliance unit loses Anil Ambani
437,apr-0857,technology,Rich pickings for hi-tech thieves
438,apr-0028,sport,Robinson out of Six Nations
439,apr-1068,sport,Rovers reject third Ferguson bid
440,apr-4171,sport,Saint-Andre anger at absent stars
441,apr-4618,business,Salary scandal in Cameroon
442,apr-1300,technology,Slimmer PlayStation triple sales
443,apr-1815,sport,Slovakia seal Hopman Cup success
444,apr-3833,technology,Smart search lets art fans browse
445,apr-1205,sport,Smith keen on Home series return
446,apr-3471,sport,South Africa sweep top awards
447,apr-4435,technology,Speak easy plan for media players
448,apr-0484,technology,Speech takes on search engines
449,apr-1009,business,Tokyo says deflation 'controlled'
450,apr-0361,business,Turkey turns on the economic charm
451,apr-4474,business,Turkey-Iran mobile deal 'at risk'
452,apr-3423,business,UK 'risks breaking golden rule'
453,apr-3100,business,UK firm faces Venezuelan land row
454,apr-0865,technology,UK pioneers digital film network
455,apr-0134,business,US bank in $515m SEC settlement
456,apr-2219,business,US crude prices surge above $53
457,apr-0182,sport,Umaga ready for Lions
458,apr-4228,business,Umbro profits lifted by Euro 2004
459,apr-3753,technology,Virgin Radio offers 3G broadcast
460,apr-2040,technology,Virus poses as Christmas e-mail
461,apr-4036,technology,Voters flock to blog awards site
462,apr-4395,sport,Wales want rugby league training
463,apr-4277,sport,Wales win in Rome
464,apr-1102,technology,Warning over tsunami aid website
465,apr-3992,sport,Wolves appoint Hoddle as manager
466,apr-3250,sport,Wood - Ireland can win Grand Slam
467,apr-4031,business,World leaders gather to face uncertainty
468,apr-0896,sport,Worthington praises classy Villa
469,apr-3567,sport,Yachvili savours France comeback
470,apr-3586,business,Yukos heading back to US courts
471,apr-4951,business,Yukos seeks court action on sale
472,apr-0345,business,Yukos unit fetches $9bn at auction
473,may-0284,business,Air China in $1bn London listing
474,may-3980,sport,Angry Williams rejects criticism
475,may-2027,business,Apple Inc. Phone Pricing Likely To Trend Lower
476,may-2024,business,Argentina closes $102.6bn debt swap
477,may-2738,business,AstraZeneca hit by drug failure
478,may-4424,sport,Balco case trial date pushed back
479,may-2659,business,Battered dollar hits another low
480,may-4512,sport,Beckham hints at Man Utd return
481,may-0131,sport,Benitez joy as Reds take control
482,may-2874,technology,Blind student 'hears in colour'
483,may-2905,technology,Blogger grounded by her airline
484,may-1663,business,Brazil jobless rate hits new low
485,may-1702,technology,Broadband set to revolutionise TV
486,may-4777,technology,Bush website blocked outside US
487,may-2166,business,Business confidence dips in Japan
488,may-1662,business,Businesses fail to plan for HIV
489,may-1837,sport,Campese berates whingeing England
490,may-1887,sport,Cech sets clean-sheet benchmark
491,may-3273,technology,China 'blocks Google news site'
492,may-2294,business,China continues rapid growth
493,may-3257,business,Circuit City gets takeover offer
494,may-2723,sport,Claxton hunting first major medal
495,may-1549,technology,Consumer concern over RFID tags
496,may-0149,business,Continental 'may run out of cash'
497,may-2122,business,Deadline nears for Fiat-GM deal
498,may-4336,business,Deutsche Boerse set to 'woo' LSE
499,may-0706,technology,Domain system scam fear
500,may-0573,technology,Doors open at biggest gadget fair
501,may-2915,sport,Dunne keen to commit to Man City
502,may-1785,business,EMI shares hit by profit warning
503,may-1306,business,EU to probe Alitalia 'state aid'
504,may-2222,sport,England 'to launch ref protest'
505,may-1674,sport,Faye plans to stay at Portsmouth
506,may-3633,business,Featured: 'Strong dollar' call halts slide
507,may-3723,sport,Ferguson hails Man Utd's resolve
508,may-2499,sport,Fuming Robinson blasts officials
509,may-2400,business,Further rise in UK jobless total
510,may-2476,technology,Gadget growth fuels eco concerns
511,may-2112,technology,Gadget show heralds MP3 season
512,may-2581,technology,Games win for Blu-ray DVD format
513,may-2727,business,German business confidence slides
514,may-0713,sport,Gerrard future not decided by Cardiff loss
515,may-4324,technology,Halo 2 sells five million copies
516,may-4280,sport,Henin-Hardenne beaten on comeback
517,may-0143,sport,Hewitt falls to Dent in Adelaide
518,may-2440,technology,How to smash a home computer
519,may-1036,sport,Ireland call up uncapped Campbell
520,may-0966,business,Israel looks to US for bank chief
521,may-4655,sport,Keane defiant over Vieira bust-up
522,may-2796,sport,Kenya lift Chepkemei's suspension
523,may-0305,business,Kraft cuts snack ads for children
524,may-2491,business,Lesotho textile workers lose jobs
525,may-2781,sport,Lomu relishing return to action
526,may-1795,business,Lufthansa may sue over Bush visit
527,may-0332,business,MCI shares climb on takeover bid
528,may-4014,business,MG Rover China tie-up 'delayed'
529,may-4886,business,Making your office work for you
530,may-4104,sport,McIlroy continues winning streak
531,may-1112,technology,Mobile TV tipped as one to watch
532,may-0180,business,Monsanto fined $1.5m for bribery
533,may-1740,technology,Moving mobile improves golf swing
534,may-4133,sport,Nadal puts Spain 2-0 up
535,may-0916,business,Nasdaq planning $100m-share sale
536,may-3761,technology,New Year's texting breaks record
537,may-4517,technology,New consoles promise big problems
538,may-1326,technology,Nintendo DS makes its Euro debut
539,may-0373,sport,O'Connor aims to grab opportunity
540,may-4484,sport,O'Leary agrees new Villa contract
541,may-4229,sport,O'Sullivan keeps his powder dry
542,may-4474,technology,Online commons to spark debate
543,may-1687,technology,Online games play with politics
544,may-1905,business,Parmalat founder offers apology
545,may-2611,business,Parmalat to return to stockmarket
546,may-4895,technology,Peer-to-peer nets 'here to stay'
547,may-0016,business,Pernod takeover talk lifts Domecq
548,may-1238,business,Profits jump at China's top bank
549,may-1947,sport,Prop Jones ready for hard graft
550,may-2512,business,Qatar and Shell in $6bn gas deal
551,may-1598,business,Quake's economic costs emerging
552,may-4585,sport,Real in talks over Gravesen move
553,may-4874,business,Rescue hope for Borussia Dortmund
554,may-0488,sport,Robben and Cole earn Chelsea win
555,may-0292,technology,Robotic pods take on car design
556,may-3235,sport,Roddick in talks over new coach
557,may-1464,business,SEC to rethink post-Enron rules
558,may-2443,technology,Santy worm makes unwelcome visit
559,may-2260,technology,Seamen sail into biometric future
560,may-3908,sport,Serena becomes world number two
561,may-2514,sport,Smith aims to bring back respect
562,may-0985,business,Soaring oil 'hits world economy'
563,may-3855,technology,Software watching while you work
564,may-0057,technology,Sony PSP console hits US in March
565,may-0549,sport,TV calls after Carroll error
566,may-0738,technology,TV's future down the phone line
567,may-1288,business,The 'ticking budget' facing the US
568,may-2467,business,Train strike grips Buenos Aires
569,may-2263,technology,UK broadband gets speed injection
570,may-0648,business,US adds more jobs than expected
571,may-3222,business,US economy shows solid GDP growth
572,may-1355,business,US economy still growing says Fed
573,may-3184,business,US in EU tariff chaos trade row
574,may-2365,business,US retail sales surge in December
575,may-0720,business,US trade gap hits record in 2004
576,may-3287,business,Ukraine revisits state sell-offs
577,may-2299,sport,Underdogs have more fun
578,may-0748,business,VW considers opening Indian plant
579,may-4097,business,Wal-Mart to pay $14m in gun suit
580,may-2131,sport,Wasps 31-37 Leicester
581,may-3461,technology,What high-definition will do to DVDs
582,may-4326,technology,Why Cell will get the hard sell
583,may-2814,sport,Wilkinson fit to face Edinburgh
584,may-2271,sport,Wilkinson return 'unlikely'
585,may-3619,technology,Yahoo celebrates a decade online
586,may-0996,technology,Yahoo moves into desktop search
587,jun-1972,technology,2D Metal Slug offers retro fun
588,jun-1987,technology,Anti-spam laws bite spammer hard
589,jun-0716,technology,Apple laptop is 'greatest gadget'
590,jun-2935,technology,Apple makes blogs reveal sources
591,jun-4840,technology,Apple unveils low-cost 'Mac mini'
592,jun-4479,business,Arsenal 'may seek full share listing'
593,jun-1568,business,BA to suspend two Saudi services
594,jun-1579,business,BMW drives record sales in Asia
595,jun-3219,business,BT offers equal access to rivals
596,jun-1778,sport,Barwick calls for Highbury calm
597,jun-1644,sport,Barwick installed as new FA boss
598,jun-2609,technology,Be careful how you code
599,jun-1346,business,Beer giant swallows Russian firm
600,jun-3633,technology,Blinx sequel purrs nicely
601,jun-3298,business,Bombardier chief to leave company
602,jun-3624,technology,Bond game fails to shake or stir
603,jun-0532,business,Britannia members' £42m windfall
604,jun-2071,technology,California sets fines for spyware
605,jun-1491,business,Call to save manufacturing jobs
606,jun-1294,sport,Can Smith work Scottish wonders?
607,jun-1801,technology,Cebit fever takes over Hanover
608,jun-4596,sport,Chelsea clinch cup in extra-time
609,jun-4483,technology,China 'to overtake US net use'
610,jun-0384,business,China bans new tobacco factories
611,jun-3025,sport,Davenport dismantles young rival
612,jun-3207,business,Disaster claims 'less than $10bn'
613,jun-3422,business,Dollar drops on reserves concerns
614,jun-3285,business,EU 'too slow' on economic reforms
615,jun-1131,sport,English clubs make Euro history
616,jun-4266,business,Ex-Boeing director gets jail term
617,jun-4362,sport,FA decides not to punish Mourinho
618,jun-0537,technology,Fast lifts rise into record books
619,jun-1448,technology,Featured: 'Blog' picked as word of the year
620,jun-4007,technology,Featured: 'Brainwave' cap controls computer
621,jun-3887,technology,Featured: 'Podcasters' look to net money
622,jun-3406,business,Fresh hope after Argentine crisis
623,jun-2920,technology,Gadget market 'to grow in 2005'
624,jun-2699,technology,Gates opens biggest gadget fair
625,jun-0332,sport,Gebrselassie in London triple bid
626,jun-4500,sport,Gerrard plays down European hopes
627,jun-1482,business,Giant waves damage S Asia economy
628,jun-0787,business,Giving financial gifts to children
629,jun-2022,business,Golden rule boost for Chancellor
630,jun-3687,sport,Henman hopes ended in Dubai
631,jun-3700,technology,Hitachi unveils 'fastest robot'
632,jun-3528,technology,Hotspot users gain free net calls
633,jun-2557,business,"How Manchester United, Knicks Wins Correlate With Stock Gains"
634,jun-2381,business,Hyundai to build new India plant
635,jun-1633,business,Industrial revival hope for Japan
636,jun-4342,business,Insurance bosses plead guilty
637,jun-4535,business,Iraq and Afghanistan in WTO talks
638,jun-1155,sport,Ireland surge past Scots
639,jun-0553,sport,Italy 17-28 Ireland
640,jun-1387,business,JP Morgan admits US slavery links
641,jun-2401,sport,Keegan hails comeback king Fowler
642,jun-4329,technology,Kenyan school turns to handhelds
643,jun-1532,technology,Long life promised for laptop PCs
644,jun-1434,business,M&S cuts prices by average of 24%
645,jun-2521,business,MCI shareholder sues to stop bid
646,jun-2097,business,Market unfazed by Aurora setback
647,jun-2226,technology,Microsoft takes on desktop search
648,jun-4453,business,Millions 'to lose textile jobs'
649,jun-4509,technology,Mobile networks seek turbo boost
650,jun-2467,technology,Mobiles 'not media players yet'
651,jun-1038,technology,Mobiles double up as bus tickets
652,jun-2420,technology,Mobiles rack up 20 years of use
653,jun-4994,sport,Mourinho takes swipe at Arsenal
654,jun-3434,sport,Mourinho to escape FA charge
655,jun-4410,technology,Net regulation 'still possible'
656,jun-0925,technology,New delay hits EU software laws
657,jun-1788,business,Newest EU members underpin growth
658,jun-0749,sport,No lack of Christmas spirit
659,jun-4657,sport,O'Driscoll/Gregan lead Aid stars
660,jun-2787,business,Optimism remains over UK housing
661,jun-2319,business,Orange colour clash set for court
662,jun-1141,sport,Owen delighted with Real display
663,jun-4805,technology,Pandas benefit from wireless net
664,jun-0101,technology,Parents face video game lessons
665,jun-4636,sport,Petit career ended by knee injury
666,jun-1885,sport,Plymouth 3-0 Sheff Utd
667,jun-1112,sport,Preview: Ireland v England (Sun)
668,jun-4470,sport,Prinz beats Hamm to Fifa trophy
669,jun-3966,business,Profits slide at India's Dr Reddy
670,jun-1668,sport,Prutton poised for lengthy FA ban
671,jun-1940,technology,Rivals of the £400 Apple...
672,jun-0693,sport,Robinson answers critics
673,jun-0583,sport,Rochus shocks Coria in Auckland
674,jun-4042,business,"Rover deal 'may cost 2,000 jobs'"
675,jun-1150,sport,Running around the Olympics
676,jun-0829,business,SA unveils 'more for all' budget
677,jun-4361,business,SBC plans post-takeover job cuts
678,jun-2660,business,Safety alert as GM recalls cars
679,jun-3293,business,Saudi ministry to employ women
680,jun-4523,technology,Savvy searchers fail to spot ads
681,jun-2536,business,Shares hit by MS drug suspension
682,jun-0684,business,Slowdown hits US factory growth
683,jun-3126,technology,Spam e-mails tempt net shoppers
684,jun-1396,technology,Text messages aid disaster recovery
685,jun-3380,sport,The wonder of Ronaldinho
686,jun-3599,technology,The year search became personal
687,jun-0780,sport,Tomlinson stays focused on Europe
688,jun-0505,business,US bank boss hails 'genius' Smith
689,jun-2320,business,US consumer confidence up
690,jun-3360,business,US trade deficit widens sharply
691,jun-1094,sport,Uefa threat over foreign quotas
692,jun-2505,business,Ukraine steel sell-off 'illegal'
693,jun-2405,business,Ukraine trims privatisation check
694,jun-4106,sport,Venus stunned by Farina Elia
695,jun-0039,sport,Video technology will not make football a mistake-free sport
696,jun-2519,technology,Warning over Windows Word files
697,jun-1446,business,Weak dollar trims Cadbury profits
698,jun-1293,technology,Web helps collect aid donations
699,jun-4259,sport,Wenger handed summer war chest
700,jun-4520,technology,When technology gets personal
701,jul-1745,technology,A decade of good website design
702,jul-0465,sport,Agassi fear for Melbourne
703,jul-4512,business,Ailing EuroDisney vows turnaround
704,jul-2758,sport,Ajax refuse to rule out Jol move
705,jul-4068,sport,Anelka apologises for criticism
706,jul-1257,technology,Apple attacked over sources row
707,jul-2965,technology,Apple iPod family expands market
708,jul-2977,technology,Argonaut founder rebuilds empire
709,jul-0794,sport,Arsenal 1-1 Sheff Utd
710,jul-0495,business,Asia shares defy post-quake gloom
711,jul-2215,business,Aviation firms eye booming India
712,jul-4187,technology,BT program to beat dialler scams
713,jul-3607,business,Bat spit drug firm goes to market
714,jul-3406,sport,Bees handed potential Man Utd tie
715,jul-4480,sport,Blackburn v Burnley
716,jul-4575,business,Boeing unveils new 777 aircraft
717,jul-2829,sport,Breaking news: US company admits Benin bribery
718,jul-4356,technology,Broadband in the UK growing fast
719,jul-3487,sport,Bryan twins keep US hopes alive
720,jul-3941,business,Building giant in asbestos payout
721,jul-4527,technology,California sets fines for spyware
722,jul-3516,business,Call to overhaul UK state pension
723,jul-0165,sport,Campbell to be Lions consultant
724,jul-2340,sport,Cantona issues Man Utd job hint
725,jul-4614,business,Chinese exports rise 25% in 2004
726,jul-2009,sport,Clijsters could play Aussie Open
727,jul-2742,sport,Corry backs skipper Robinson
728,jul-3010,technology,DVD copy protection strengthened
729,jul-4101,sport,Dallaglio his own man to the end
730,jul-2708,sport,Dawson wins England squad recall
731,jul-4268,sport,Dementieva prevails in Hong Kong
732,jul-4019,technology,Disney backs Sony DVD technology
733,jul-1748,sport,Dominici backs lacklustre France
734,jul-1249,technology,Dublin hi-tech labs to shut down
735,jul-4170,business,Ebbers denies WorldCom fraud
736,jul-2162,sport,England coach faces rap after row
737,jul-0339,business,European losses hit GM's profits
738,jul-2286,sport,Fifa agrees goal-line technology
739,jul-2988,technology,Freeze on anti-spam campaign
740,jul-4021,business,French boss to leave EADS
741,jul-4373,business,German economy rebounds
742,jul-4895,business,Glazer makes new Man Utd approach
743,jul-4326,technology,Google to scan famous libraries
744,jul-0662,sport,Greek sprinters 'won't run again'
745,jul-2558,sport,Greek sprinters suspended by IAAF
746,jul-3455,sport,Gunners clock up winning record
747,jul-4969,technology,Halo 2 heralds traffic explosion
748,jul-3422,sport,Henson stakes early Lions claim
749,jul-1711,sport,Hewitt fights back to reach final
750,jul-2063,sport,Holmes is hit by hamstring injury
751,jul-2960,technology,IBM frees 500 software patents
752,jul-4915,business,India's Reliance family feud heats up
753,jul-4812,business,India's rupee hits five-year high
754,jul-3520,technology,Ink helps drive democracy in Asia
755,jul-0643,sport,Irish finish with home game
756,jul-3273,business,J&J agrees $25bn Guidant deal
757,jul-3870,sport,Johansson takes Adelaide victory
758,jul-0803,sport,Jones doping probe begins
759,jul-4157,sport,Kenteris denies faking road crash
760,jul-0297,business,Khodorkovsky quits Yukos shares
761,jul-4908,technology,Latest Opera browser gets vocal
762,jul-1013,sport,Legendary Dutch boss Michels dies
763,jul-4496,sport,Lions blow to World Cup stars
764,jul-3168,sport,Liverpool revel in night of glory
765,jul-4242,business,Man Utd to open books to Glazer
766,jul-2527,sport,Man Utd urged to seal Giggs deal
767,jul-1760,sport,Melzer shocks Agassi in San Jose
768,jul-4400,technology,Microsoft debuts security tools
769,jul-4827,technology,Millions buy MP3 players in US
770,jul-4341,technology,Mobile multimedia slow to catch on
771,jul-3525,technology,Mobiles get set for visual radio
772,jul-2544,technology,Mobiles rack up 20 years of use
773,jul-0637,sport,Molby says Gravesen is Real deal
774,jul-4798,technology,More power to the people says HP
775,jul-2909,technology,Musicians 'upbeat' about the net
776,jul-2815,business,News Corp eyes video games market
777,jul-4628,technology,No half measures with Half-Life 2
778,jul-1361,sport,Parmar ruled out of Davis Cup tie
779,jul-0597,sport,Philippoussis doubt over Open bid
780,jul-2241,technology,Pompeii gets digital make-over
781,jul-1728,business,Q&A: Malcolm Glazer and Man Utd
782,jul-1219,sport,Radcliffe eyes hard line on drugs
783,jul-4829,sport,Real will finish abandoned match
784,jul-1320,sport,Ref stands by Scotland decisions
785,jul-2463,sport,Robinson wants dual code success
786,jul-3438,sport,Roche 'turns down Federer offer'
787,jul-4719,sport,Roddick splits from coach Gilbert
788,jul-3289,sport,Ronaldinho denies Blues interest
789,jul-2439,business,S Korea spending boost to economy
790,jul-3943,business,S Korean consumers spending again
791,jul-3331,business,Saudi investor picks up the Savoy
792,jul-3957,sport,Sella wants Michalak recall
793,jul-0733,business,Share boost for feud-hit Reliance
794,jul-0168,business,Shares rise on new Man Utd offer
795,jul-2667,technology,Sony PSP tipped as a 'must-have'
796,jul-4244,sport,Souness eyes summer move for Owen
797,jul-0334,technology,Souped-up wi-fi is on the horizon
798,jul-0645,business,South African car demand surges
799,jul-3380,sport,Stam spices up Man Utd encounter
800,jul-0019,sport,Tapping-up row is so much hot air
801,jul-4790,technology,Technology gets the creative bug
802,jul-4384,technology,Technology in rugby: GPS systems continue to grow in importance
803,jul-3522,sport,Tindall aiming to earn Lions spot
804,jul-1717,sport,Tindall wants second opinion
805,jul-1112,business,Tsunami 'to hit Sri Lanka banks'
806,jul-0202,business,UK economy facing 'major risks'
807,jul-1885,business,US Ahold suppliers face charges
808,jul-3830,business,US data sparks inflation worries
809,jul-0931,business,US interest rate rise expected
810,jul-1059,technology,US peer-to-peer pirates convicted
811,jul-3879,sport,"Umaga ready for ""fearsome"" Lions"
812,jul-4233,technology,Virus poses as Christmas e-mail
813,jul-0417,business,Wal-Mart fights back at accusers
814,jul-3332,sport,Wales coach elated with win
815,jul-0589,business,Warning over US pensions deficit
816,jul-4193,technology,Web photo storage market hots up
817,jul-0503,technology,Web radio takes Spanish rap global
818,jul-1350,sport,Wenger keeping faith with Almunia
819,jul-1729,sport,Wenger steps up row
820,jul-4500,sport,What now for British tennis?
821,jul-3874,sport,White admits to Balco drugs link
822,jul-2168,technology,World tour for top video gamers
823,aug-3515,business,$1m payoff for former Shell boss
824,aug-1123,technology,Anti-tremor mouse stops PC shakes
825,aug-4475,technology,Apple unveils low-cost 'Mac mini'
826,aug-3384,business,"Argentina, Venezuela in oil deal"
827,aug-4019,sport,Argentine great Caniggia retires
828,aug-0806,business,Banker loses sexism claim
829,aug-4964,business,Beijingers fume over parking fees
830,aug-4265,sport,Bell set for England debut
831,aug-3926,sport,Benitez issues warning to Gerrard
832,aug-4614,sport,Blackburn 0-1 Chelsea
833,aug-2567,business,Brazil plays down Varig rescue
834,aug-4701,technology,Britons fed up with net service
835,aug-0893,technology,Broadband takes on TV viewing
836,aug-4668,business,Brussels raps mobile call charges
837,aug-1637,sport,Butler strikes gold in Spain
838,aug-0324,sport,Chelsea denied by James heroics
839,aug-0908,business,China had role in Yukos split-up
840,aug-1443,sport,Clijsters hope on Aussie Open
841,aug-3079,sport,Costin aims for comeback in 2006
842,aug-0896,business,DaimlerChrysler's 2004 sales rise
843,aug-4896,sport,Dal Maso in to replace Bergamasco
844,aug-3579,sport,Davenport hits out at Wimbledon
845,aug-4658,sport,Dein concerned by Chelsea stance
846,aug-2737,business,Deutsche Boerse boosts dividend
847,aug-1784,business,EU ministers to mull jet fuel tax
848,aug-2063,business,Euronext joins bid battle for LSE
849,aug-1532,technology,Featured: 'No re-draft' for EU patent law
850,aug-0644,technology,Featured: 'Ultimate game' award for Doom 3
851,aug-3247,business,Fed chief warning on US deficit
852,aug-2464,sport,Ferguson rues failure to cut gap
853,aug-2142,business,GM pays $2bn to evade Fiat buyout
854,aug-1157,business,GSK aims to stop Aids profiteers
855,aug-2119,technology,GTA sequel is criminally good
856,aug-3859,technology,"Gamer buys $26,500 virtual land"
857,aug-1614,technology,Google's toolbar sparks concern
858,aug-3206,sport,Greene sets sights on world title
859,aug-3335,sport,Henman to face Saulnier test
860,aug-2889,sport,Holmes back on form in Birmingham
861,aug-0763,business,Home loan approvals rising again
862,aug-0648,business,Huge rush for Jet Airways shares
863,aug-1226,technology,IBM puts cash behind Linux push
864,aug-2762,business,India unveils anti-poverty budget
865,aug-0319,sport,Injury doubts beset Wales squad
866,aug-3240,technology,"Intercom Are Doubling Their Product Teams In SF, Dublin & London"
867,aug-1817,sport,Ireland 19-13 England
868,aug-0781,sport,Ireland win eclipses refereeing 'errors'
869,aug-4887,business,Japan economy slides to recession
870,aug-4692,business,Japan's ageing workforce: built to last
871,aug-0685,business,Japanese growth grinds to a halt
872,aug-1101,business,Jobs go at Oracle after takeover
873,aug-1823,business,Jobs growth still slow in the US
874,aug-3199,sport,Johnson accuses British sprinters
875,aug-0176,business,LSE doubts boost bidders' shares
876,aug-1452,technology,Lasers help bridge network gaps
877,aug-3112,sport,Lewis-Francis turns to Christie
878,aug-0373,sport,Man City 0-2 Man Utd
879,aug-4936,sport,Man Utd women's team to be axed
880,aug-1558,business,Markets fall on weak dollar fears
881,aug-3754,business,Marsh executive in guilty plea
882,aug-2783,business,McDonald's boss Bell dies aged 44
883,aug-4587,sport,McIlroy wins 800m indoor title
884,aug-3962,business,Mexican in US send $16bn home
885,aug-0665,technology,Microsoft launches its own search
886,aug-3312,technology,Microsoft releases bumper patches
887,aug-2549,technology,Microsoft sets sights on spyware
888,aug-4009,business,Mixed Christmas for US retailers
889,aug-2180,business,Mixed reaction to Man Utd offer
890,aug-3857,sport,Murray to make Cup history
891,aug-3877,technology,Musical future for phones
892,aug-3101,technology,Net fingerprints combat attacks
893,aug-3408,technology,New browser wins over net surfers
894,aug-3126,business,News Corp eyes video games market
895,aug-2688,business,No seasonal lift for house market
896,aug-2601,sport,O'Sullivan quick to hail Italians
897,aug-1976,business,Online News poll indicates economic gloom
898,aug-4015,business,Parmalat boasts doubled profits
899,aug-4910,technology,PlayStation 3 processor unveiled
900,aug-1990,technology,Podcasts mark rise of DIY radio
901,aug-3360,business,Police detain Chinese milk bosses
902,aug-3213,sport,Poll explains free-kick decision
903,aug-3564,sport,Radcliffe proves doubters wrong
904,aug-4998,sport,Radcliffe will compete in London
905,aug-0801,sport,Roddick into San Jose final
906,aug-4456,sport,Ruddock backs Yapp's credentials
907,aug-4931,business,S&N extends Indian beer venture
908,aug-4232,sport,SA return to Mauritius
909,aug-1046,sport,Safin slumps to shock Dubai loss
910,aug-3940,business,Sales 'fail to boost High Street'
911,aug-4740,sport,Santini resigns as Spurs manager
912,aug-2812,sport,Serena ends Sania Mirza's dream
913,aug-0633,technology,Set your television to wow
914,aug-3280,business,Small firms 'hit by rising costs'
915,aug-4746,sport,Souness delight at Euro progress
916,aug-4220,sport,Stars shine for tsunami benefit
917,aug-1720,sport,Strachan turns down Pompey
918,aug-1390,business,Strong demand triggers oil rally
919,aug-2437,sport,Sydney to host north v south game
920,aug-1486,business,Telegraph newspapers axe 90 jobs
921,aug-2512,business,UK bank seals South Korean deal
922,aug-1933,business,UK homes hit £3.3 trillion total
923,aug-1337,business,US Airways staff agree to pay cut
924,aug-4172,business,US budget deficit to reach $368bn
925,aug-3301,business,US interest rates increased to 2%
926,aug-2517,technology,US woman sues over ink cartridges
927,aug-4672,sport,Uganda FA suspended
928,aug-0800,business,Ukraine strikes Turkmen gas deal
929,aug-0840,technology,Video phone help for deaf people
930,aug-4831,technology,Viewers to be able to shape TV
931,aug-2563,sport,WRU proposes season overhaul
932,aug-4625,business,Watchdog probes Vivendi bond sale
933,aug-1797,business,Weak data buffets French economy
934,aug-2487,sport,White prepared for battle
935,aug-0053,sport,Williams stays on despite dispute
936,aug-1767,business,Wipro beats forecasts once again
937,aug-3362,business,WorldCom bosses' $54m payout
938,aug-1146,sport,Young debut cut short by Ginepri
939,sep-1375,sport,Adriano's Chelsea link rejected
940,sep-3874,business,Alfa Romeos 'to get GM engines'
941,sep-0096,business,Amex shares up on spin-off news
942,sep-3814,technology,Apple attacked over sources row
943,sep-4619,sport,Aragones angered by racism fine
944,sep-3639,business,Asian banks halt dollar's slide
945,sep-4996,technology,Attack prompts Bush site block
946,sep-3370,sport,Beckham relief as Real go through
947,sep-0503,sport,Beckham's chat reigns in Spain
948,sep-4426,sport,Blatter suggests offside change
949,sep-1785,sport,Bomb threat at Bernabeu stadium
950,sep-3918,sport,Bristol City 2-1 Milton Keynes
951,sep-0401,business,Cairn Energy in Indian gas find
952,sep-2816,sport,Campbell lifts lid on United feud
953,sep-3016,technology,Can Yahoo dominate next decade?
954,sep-2767,business,Cars pull down US retail figures
955,sep-4852,sport,Chelsea 3-0 Portsmouth
956,sep-1803,sport,Chepkemei hit by big ban
957,sep-0386,business,Chinese dam firm 'defies Beijing'
958,sep-3587,technology,Concern over RFID tags
959,sep-1349,sport,Davenport puts retirement on hold
960,sep-3570,business,Dollar hits new low versus euro
961,sep-4970,technology,Domain system opens door to scams
962,sep-0920,business,"Dutch bank to lay off 2,850 staff"
963,sep-4665,sport,Edgy Agassi struggles past Dent
964,sep-3053,sport,Edwards tips Idowu for Euro gold
965,sep-4093,business,Electronics firms eye plasma deal
966,sep-1145,sport,England claim Dubai Sevens glory
967,sep-3077,sport,England's defensive crisis grows
968,sep-2562,business,Ericsson sees earnings improve
969,sep-4352,business,FAO warns on impact of subsidies
970,sep-2859,sport,Faultless Federer has no equal
971,sep-3900,sport,Fear will help France - Laporte
972,sep-3760,technology,Featured: 'No re-draft' for EU patent law
973,sep-2440,sport,Ferguson urges Henry punishment
974,sep-2872,sport,Ferrero eyes return to top form
975,sep-4414,business,Fiat chief takes steering wheel
976,sep-4877,technology,Football Manager scores big time
977,sep-3592,technology,Freeze on anti-spam campaign
978,sep-0022,business,French suitor holds LSE meeting
979,sep-0232,sport,Funding cut hits Wales Students
980,sep-1748,technology,Gadget show heralds MP3 Christmas
981,sep-4345,technology,Games firms 'face tough future'
982,sep-1443,business,Georgia plans hidden asset pardon
983,sep-4275,business,German jobless rate at new record
984,sep-0555,sport,Gerrard happy at Anfield
985,sep-4613,business,Go-ahead for Balkan oil pipeline
986,sep-2949,business,Golden rule 'intact' says ex-aide
987,sep-3287,sport,Henman overcomes rival Rusedski
988,sep-4860,sport,Henry tipped for Fifa award
989,sep-3046,sport,Highbury tunnel players in clear
990,sep-4890,sport,Holmes urged to compete at Worlds
991,sep-3678,technology,How to make a gigapixel picture
992,sep-3602,sport,IAAF awaits Greek pair's response
993,sep-4876,business,ID theft surge hits US consumers
994,sep-4207,business,India and Russia in energy talks
995,sep-1238,business,Indonesia 'declines debt freeze'
996,sep-4867,technology,Intel unveils laser breakthrough
997,sep-0823,business,Iran budget seeks state sell-offs
998,sep-0254,business,Iraq to invite phone licence bids
999,sep-3264,sport,Ireland 17-12 South Africa
1000,sep-2587,sport,Ireland 21-19 Argentina
1001,sep-4095,business,Jarvis sells Tube stake to Spain
1002,sep-1406,business,Krispy Kreme shares hit
1003,sep-2272,sport,Kuznetsova 'failed a drugs test'
1004,sep-0584,sport,Laporte tinkers with team
1005,sep-4404,sport,Lions blow to World Cup winners
1006,sep-1405,technology,Local net TV takes off in Austria
1007,sep-2520,technology,Losing yourself in online gaming
1008,sep-4936,technology,Media gadgets get moving
1009,sep-1696,technology,Mobile gaming takes off in India
1010,sep-3711,technology,More movies head to Sony's PSP
1011,sep-3745,technology,More women turn to net security
1012,sep-0082,sport,Mourinho expects fight to finish
1013,sep-3128,sport,Moya clinches Cup for Spain
1014,sep-4623,sport,Newcastle 27-27 Gloucester
1015,sep-0592,sport,O'Driscoll saves Irish blushes
1016,sep-1313,sport,O'Sullivan could run in Worlds
1017,sep-1672,sport,Old Firm pair handed suspensions
1018,sep-0863,technology,Online News leads interactive Bafta wins
1019,sep-1411,business,Palestinian economy in decline
1020,sep-3583,technology,Putting a face to 'Big Brother'
1021,sep-2426,business,Rich grab half Colombia poor fund
1022,sep-3558,business,Russia gets investment blessing
1023,sep-1539,business,Saab to build Cadillacs in Sweden
1024,sep-3347,technology,Security warning over 'FBI virus'
1025,sep-2082,sport,Spain coach faces racism inquiry
1026,sep-4027,technology,Spam e-mails tempt net shoppers
1027,sep-4329,technology,Sporting rivals go to extra time
1028,sep-4851,business,Standard Life cuts policy bonuses
1029,sep-1519,business,Stormy year for property insurers
1030,sep-1782,technology,Swap offer for pirated Windows XP
1031,sep-4130,sport,Sydney return for Henin-Hardenne
1032,sep-2601,business,Takeover rumour lifts Exel shares
1033,sep-0226,sport,Tanzania gets Fifa backing
1034,sep-2914,technology,Technology hijacked sports
1035,sep-0174,technology,Tough rules for ringtone sellers
1036,sep-4443,sport,Trial date is set for Balco case
1037,sep-0063,business,UK house prices dip in November
1038,sep-4940,business,UK interest rates held at 4.75%
1039,sep-2528,business,Venezuela identifies 'idle' farms
1040,sep-4107,sport,Verdict delay for Greek sprinters
1041,sep-2374,business,Verizon 'seals takeover of MCI'
1042,sep-3813,business,Vodafone appoints new Japan boss
1043,sep-2892,business,WMC says Xstrata bid is too low
1044,sep-0388,technology,Warnings on woeful wi-fi security
1045,sep-3414,business,Wembley firm won't make a profit
1046,sep-2293,business,Will Manchester United plc Short Squeeze Soon
1047,sep-1752,business,Worldcom director ends evidence
1048,sep-2040,sport,Yeading face Newcastle in FA Cup
1049,sep-0237,business,Yukos owner sues Russia for $28bn
1050,sep-2517,business,Yukos unit buyer faces loan claim
1051,oct-3861,sport,A need to limit foreign numbers
1052,oct-0443,technology,Apple iPod family expands market
1053,oct-0777,technology,Apple sues 'Tiger' file sharers
1054,oct-1914,technology,Apple sues to stop product leaks
1055,oct-2035,sport,Athens memories soar above lows
1056,oct-0709,technology,Ban hits Half-Life 2 pirates hard
1057,oct-1226,sport,Bath faced with Tindall ultimatum
1058,oct-0945,sport,Bellamy fined after row
1059,oct-1295,business,Brazil approves bankruptcy reform
1060,oct-4199,sport,Britain boosted by Holmes double
1061,oct-0924,technology,Britons fed up with net service
1062,oct-3880,business,Cactus diet deal for Phytopharm
1063,oct-3790,business,Call centre users 'lose patience'
1064,oct-3326,sport,Call for Kenteris to be cleared
1065,oct-1924,technology,Call for action on internet scam
1066,oct-3040,technology,Camera phones are 'must-haves'
1067,oct-1787,business,China's Shanda buys stake in Sina
1068,oct-2701,technology,Chip maker backs net phone calls
1069,oct-2317,sport,Cole refuses to blame van Persie
1070,oct-0300,sport,Collins appeals against drugs ban
1071,oct-4879,business,Consumers drive French economy
1072,oct-0163,sport,Crusaders 2-3 Ballymena United
1073,oct-4089,sport,Desailly backs Blues revenge trip
1074,oct-4812,technology,Digital guru floats sub-$100 PC
1075,oct-4850,technology,Doors open at biggest gadget fair
1076,oct-3470,sport,Double injury blow strikes Wales
1077,oct-4758,technology,EU software patent law faces axe
1078,oct-2145,business,Ebbers 'aware' of WorldCom fraud
1079,oct-3548,sport,England given tough Sevens draw
1080,oct-3256,technology,Europe backs digital TV lifestyle
1081,oct-4836,business,Executive trio leave Aer Lingus
1082,oct-2748,sport,FA Cup losing its sheen
1083,oct-0832,technology,Fast moving phone viruses appear
1084,oct-2828,business,Featured: 'Standoff' on Deutsche's LSE bid
1085,oct-0817,technology,Featured: 'Ultimate game' award for Doom 3
1086,oct-2348,sport,Federer joins all-time greats
1087,oct-1261,sport,Formula 1: US-Qatari investors 'to bid for sport'
1088,oct-0898,business,Fosters buys stake in winemaker
1089,oct-1441,business,French consumer spending rising
1090,oct-0064,technology,Games 'deserve a place in class'
1091,oct-2801,sport,Gatlin and Hayes win Owen awards
1092,oct-2209,business,German bidder in talks with LSE
1093,oct-2955,technology,Global blogger action day called
1094,oct-3459,sport,Greece defy the odds at Euro 2004
1095,oct-4140,sport,Greek pair set for hearing
1096,oct-4990,technology,Halo fans' hope for sequel
1097,oct-3207,business,Hariri killing hits Beirut shares
1098,oct-0844,sport,Hodgson relishes European clashes
1099,oct-2177,sport,Hong Kong in 2011 World Cup bid
1100,oct-3103,sport,IAAF will contest Greek decision
1101,oct-4815,technology,IBM puts cash behind Linux push
1102,oct-4038,business,IMF agrees fresh Turkey funding
1103,oct-1049,business,India and Iran in gas export deal
1104,oct-1011,business,India power shares jump on debut
1105,oct-0417,business,India's Deccan seals $1.8bn deal
1106,oct-3162,business,Indian oil firm eyes Yukos assets
1107,oct-0421,business,Israeli economy picking up pace
1108,oct-2333,business,Japan bank shares up on link talk
1109,oct-4803,business,Japanese mogul arrested for fraud
1110,oct-1193,sport,Kewell waits as injury drags on
1111,oct-4546,business,Khodorkovsky ally denies charges
1112,oct-0057,sport,Leeds v Saracens (Fri)
1113,oct-4981,sport,Liverpool pledge to keep Gerrard
1114,oct-4914,sport,Llewellyn plans Wales retirement
1115,oct-1753,business,Lloyd's of London head chides FSA
1116,oct-2102,sport,Mauresmo opens with victory in LA
1117,oct-2774,business,Metlife buys up Citigroup insurer
1118,oct-4605,technology,Microsoft seeking spyware trojan
1119,oct-3910,technology,Mobile audio enters new dimension
1120,oct-2454,technology,Mobile networks seek turbo boost
1121,oct-0059,technology,Movie body targets children's PCs
1122,oct-0992,technology,Napster offers rented music to go
1123,oct-2740,technology,New business technology trends
1124,oct-2886,sport,Nike defends under-fire football
1125,oct-4166,technology,Nintendo handheld given Euro date
1126,oct-2188,business,Nissan names successor to Ghosn
1127,oct-4084,technology,Nuclear body seeks new tech
1128,oct-2574,business,Oil prices reach three-month low
1129,oct-3663,technology,Open source leaders slam patents
1130,oct-2181,sport,Owen determined to stay in Madrid
1131,oct-0999,sport,Owen set for skipper role
1132,oct-2121,technology,Peer-to-peer nets 'here to stay'
1133,oct-2094,business,Pension hitch for long-living men
1134,oct-2301,sport,Radcliffe enjoys winning comeback
1135,oct-0815,technology,Reboot ordered for EU patent law
1136,oct-3222,sport,Relay squad thrilled with honours
1137,oct-4804,sport,Reyes tricked into Real admission
1138,oct-1215,technology,Rings of steel combat net attacks
1139,oct-2080,sport,Rivals back anti-racism campaign
1140,oct-0412,business,Ryanair in $4bn Boeing plane deal
1141,oct-3387,sport,SA supports Fifa control
1142,oct-3524,sport,Safin relieved at Aussie recovery
1143,oct-0580,sport,Scotland 18-10 Italy
1144,oct-0746,sport,Sculthorpe wants Lions captaincy
1145,oct-1921,business,Sluggish economy hits German jobs
1146,oct-0382,sport,Souness backs Smith for Scotland
1147,oct-1007,technology,Speak easy plan for media players
1148,oct-3749,business,Steady job growth continues in US
1149,oct-3029,technology,Sun offers processing by the hour
1150,oct-0721,technology,Supercomputer breaks speed record
1151,oct-0108,technology,TV future in the hands of viewers
1152,oct-3547,business,Tate & Lyle boss bags top award
1153,oct-0113,sport,Taylor poised for Scotland return
1154,oct-0512,sport,Tevez - an Argentine in Brazil
1155,oct-1276,technology,Tough rules for ringtone sellers
1156,oct-0911,business,Tsunami cost hits Jakarta shares
1157,oct-2527,business,Two Nigerian banks set to merge
1158,oct-0621,technology,UK net users leading TV downloads
1159,oct-1756,business,US bank 'loses' customer details
1160,oct-3563,technology,US duo in first spam conviction
1161,oct-3862,business,US firm pulls out of Iraq
1162,oct-2448,business,US gives foreign firms extra time
1163,oct-1751,business,US prepares for hybrid onslaught
1164,oct-1516,sport,Van Nistelrooy hungry for return
1165,oct-3160,business,WMC profits up amid bid criticism
1166,oct-0660,technology,Web logs aid disaster recovery
1167,oct-2835,sport,Wenger offers Mutu hope
1168,oct-4649,sport,What now for Kelly Holmes?
1169,oct-3920,sport,"Why technology in sport poses a threat to keeping the game fair, safe and affordable"
1170,oct-2293,sport,Williams battles to Aussie title
1171,oct-2189,business,WorldCom director admits lying
1172,oct-4749,business,Yukos bankruptcy 'not US matter'
1173,nov-3410,sport,All Black magic: New Zealand rugby
1174,nov-3432,sport,Anelka 'eyes Man City departure'
1175,nov-3526,technology,Apple Mac mini gets warm welcome
1176,nov-1412,technology,Apple laptop is 'greatest gadget'
1177,nov-2347,business,Asia quake increases poverty risk
1178,nov-2329,technology,Ask Jeeves joins web log market
1179,nov-0186,business,Australia rates at four year high
1180,nov-0386,business,BMW reveals new models pipeline
1181,nov-1815,business,BMW to recall faulty diesel cars
1182,nov-3071,business,Ban on forced retirement under 65
1183,nov-3512,business,Bank opts to leave rates on hold
1184,nov-3037,business,Bank voted 8-1 for no rate change
1185,nov-4414,business,Barclays profits hit record level
1186,nov-4953,sport,Beckham rules out management move
1187,nov-2298,business,Boeing secures giant Japan order
1188,nov-3205,sport,Bookies pay out on Spurs 'goal'
1189,nov-0449,business,Booming markets shed few tears
1190,nov-4384,sport,Borders 19-20 Ulster
1191,nov-4904,sport,Bortolami predicts dour contest
1192,nov-3590,sport,Brentford v Southampton
1193,nov-3584,sport,Bridge could miss rest of season
1194,nov-4254,technology,Britons growing 'digitally obese'
1195,nov-2334,technology,Broadband fuels online change
1196,nov-2909,business,Budget Aston takes on Porsche
1197,nov-3579,sport,Campbell rescues Arsenal
1198,nov-2737,business,Car giant hit by Mercedes slump
1199,nov-4176,sport,Celtic unhappy over Bulgaria date
1200,nov-1674,sport,Collins to compete in Birmingham
1201,nov-1801,technology,Computer grid to help the world
1202,nov-4606,sport,Connors' rallying cry for British tennis
1203,nov-2647,technology,Consumers 'snub portable video'
1204,nov-3091,business,Court rejects $280bn tobacco case
1205,nov-2546,business,Criminal probe on Citigroup deals
1206,nov-4461,sport,Dawson joins England injury list
1207,nov-2714,sport,Desailly backs Blues revenge trip
1208,nov-2130,technology,Digital UK driven by net and TV
1209,nov-3500,business,Disney settles disclosure charges
1210,nov-1451,sport,Downing injury mars Uefa victory
1211,nov-0372,sport,Duff ruled out of Barcelona clash
1212,nov-4242,business,ECB holds rates amid growth fears
1213,nov-2953,technology,EU software patent law delayed
1214,nov-1329,business,Fiat mulls Ferrari market listing
1215,nov-2527,technology,Finding new homes for old phones
1216,nov-3879,technology,Firefox browser takes on Microsoft
1217,nov-4060,technology,France starts digital terrestrial
1218,nov-3626,business,G7 backs Africa debt relief plan
1219,nov-3702,sport,GB select Holmes for double bid
1220,nov-0130,business,"GM, Ford cut output as sales fall"
1221,nov-4260,sport,Gallas sees two-horse race
1222,nov-3907,technology,Games enter the classroom
1223,nov-0746,sport,Gardener battles to narrow win
1224,nov-0232,business,Gold falls on IMF sale concerns
1225,nov-1428,business,Green reports shun supply chain
1226,nov-1085,technology,Half-Life 2 sweeps Bafta awards
1227,nov-1407,sport,Hearts 2-1 Livingston
1228,nov-3342,sport,Hingis to make unexpected return
1229,nov-4180,sport,Hitzlsperger waiting on O'Leary
1230,nov-1466,technology,How to make a greener computer
1231,nov-4049,sport,IAAF to rule on Greek sprint pair
1232,nov-4897,business,IMF 'cuts' German growth estimate
1233,nov-0748,business,Indonesians face fuel price rise
1234,nov-1277,technology,Internet boom for gift shopping
1235,nov-0580,sport,Iranian misses Israel match
1236,nov-3296,business,Japanese banking battle at an end
1237,nov-4356,sport,Johnson announces June retirement
1238,nov-3617,sport,Johnson edges out rival Sotherton
1239,nov-1260,sport,Jol joy at 'professional' Cup win
1240,nov-0628,sport,Jones files Conte lawsuit
1241,nov-0654,technology,Junk e-mails on relentless rise
1242,nov-0518,business,Karachi stocks hit historic high
1243,nov-2968,technology,Kenyan school turns to handhelds
1244,nov-3867,technology,Looks and music to drive mobiles
1245,nov-0420,business,McDonald's to sponsor MTV show
1246,nov-4250,sport,Mexicans tracking unhappy Juninho
1247,nov-4495,technology,Microsoft gets the blogging bug
1248,nov-2769,business,Millions go missing at China bank
1249,nov-1623,technology,Mobile music challenges 'iPod age'
1250,nov-4572,sport,Moody joins up with England
1251,nov-1118,sport,Mourinho defiant on Chelsea form
1252,nov-4319,technology,Movie body hits peer-to-peer nets
1253,nov-0662,sport,Moya emotional at Davis Cup win
1254,nov-0319,sport,Newry to fight cup exit in courts
1255,nov-1730,technology,Norway upholds 'Napster' ruling
1256,nov-4517,technology,Online News web search aids odd queries
1257,nov-1386,technology,PC photo printers challenge pros
1258,nov-3935,sport,Palace threat over Cantona masks
1259,nov-0317,business,Parmalat bank barred from suing
1260,nov-0906,sport,Pennant guilty of wasting talent
1261,nov-2832,sport,Player burn-out worries Robinson
1262,nov-1255,business,Qwest may spark MCI bidding war
1263,nov-4235,business,Rank 'set to sell off film unit'
1264,nov-2326,sport,Reaction from Spanish press
1265,nov-1637,business,Retail sales show festive fervour
1266,nov-0761,sport,Roddick to face Saulnier in final
1267,nov-4428,sport,Rush future at Chester uncertain
1268,nov-4174,business,Russian oil merger excludes Yukos
1269,nov-2399,business,S Korean credit card firm rescued
1270,nov-2282,sport,Scrum-half Williams rejoins Bath
1271,nov-1288,technology,Smartphones suffer Skulls attack
1272,nov-3650,technology,Software watching while you work
1273,nov-0435,sport,Sports Direct investors veto £11m payout to Ashley's brother
1274,nov-1149,business,Survey confirms property slowdown
1275,nov-0147,sport,Tartan Army given safety pledge
1276,nov-1264,sport,Teenager Tait picked for England
1277,nov-2018,technology,Text message record smashed again
1278,nov-2115,sport,Thomas out of Six Nations
1279,nov-4659,business,Tobacco giants hail court ruling
1280,nov-2397,technology,Toxic web links help virus spread
1281,nov-1341,business,Tsunami slows Sri Lanka's growth
1282,nov-3574,business,UK young top Euro earnings league
1283,nov-2226,technology,US duo in first spam conviction
1284,nov-0560,business,US regulator to rule on pain drug
1285,nov-4374,technology,US state acts to stop 'spammers'
1286,nov-0575,business,US to probe airline travel chaos
1287,nov-1388,sport,Wales hails new superstar
1288,nov-3587,business,Wall Street cheers Bush victory
1289,nov-0584,technology,What price for 'trusted PC security'?
1290,nov-4426,sport,Wilkinson to lead England
1291,nov-2469,technology,Windows worm travels with Tetris
1292,nov-1794,business,Winter freeze keeps oil above $50
1293,nov-1348,business,Worldcom ex-boss launches defence
1294,dec-0244,sport,2004 - A year to remember
1295,dec-0895,business,Absa and Barclays talks continue
1296,dec-4490,technology,Ask Jeeves joins web log market
1297,dec-0891,business,Ask Jeeves tips online ad revival
1298,dec-0672,business,BMW cash to fuel Mini production
1299,dec-3487,technology,Bad e-mail habits sustains spam
1300,dec-0478,business,Bad weather hits Nestle sales
1301,dec-2633,sport,Barbarians 19-47 New Zealand
1302,dec-4269,sport,Big guns ease through in San Jose
1303,dec-1656,sport,Blues slam Blackburn over Savage
1304,dec-3628,business,Borussia Dortmund near bust
1305,dec-2267,business,Brazil buy boosts Belgium's Inbev
1306,dec-4194,technology,Broadband soars in 2004
1307,dec-2360,technology,China 'ripe' for media explosion
1308,dec-2956,business,China continues breakneck growth
1309,dec-4469,business,Chinese wine tempts Italy's Illva
1310,dec-2115,business,Consumer spending lifts US growth
1311,dec-0625,business,Could Yukos be a blessing in disguise?
1312,dec-2771,sport,Cup holders Man Utd visit Everton
1313,dec-0788,sport,D'Arcy injury adds to Ireland woe
1314,dec-1911,sport,Dallaglio eyeing Lions tour place
1315,dec-3413,business,Delta cuts fares in survival plan
1316,dec-0038,business,Dollar gains on Greenspan speech
1317,dec-0035,technology,Dozens held over ID fraud site
1318,dec-4444,business,Economy 'strong' in election year
1319,dec-4307,sport,Edu describes tunnel fracas
1320,dec-4450,sport,European medal chances improve
1321,dec-3044,sport,Federer breezes into semi-finals
1322,dec-3401,sport,Federer claims Dubai crown
1323,dec-1775,sport,Ferdinand casts doubt over Glazer
1324,dec-2589,technology,File-swappers ready new network
1325,dec-3264,business,France Telecom gets Orange boost
1326,dec-0784,technology,Game firm holds 'cast' auditions
1327,dec-2635,technology,Games maker fights for survival
1328,dec-3589,technology,Games win for Blu-ray DVD format
1329,dec-3518,technology,Gizmondo gadget hits the shelves
1330,dec-0473,business,Glaxo aims high after profit fall
1331,dec-2110,technology,Global digital divide 'narrowing'
1332,dec-2790,business,Google shares fall as staff sell
1333,dec-0180,sport,Hamm bows out for US
1334,dec-3784,sport,Harinordoquy suffers France axe
1335,dec-3423,sport,Hewitt overcomes wobble in Sydney
1336,dec-4596,technology,Hollywood campaign hits websites
1337,dec-1585,business,House prices rebound says Halifax
1338,dec-2351,business,India calls for fair trade rules
1339,dec-2624,business,India opens skies to competition
1340,dec-1865,business,Industrial output falls in Japan
1341,dec-0232,business,Irish markets reach all-time high
1342,dec-4377,business,Japan narrowly escapes recession
1343,dec-4926,business,Japan turns to beer alternatives
1344,dec-1263,technology,Joke e-mail virus tricks users
1345,dec-1718,sport,Jones files lawsuit against Conte
1346,dec-2008,sport,Jones happy with Henson heroics
1347,dec-4999,sport,Jones medals 'must go if guilty'
1348,dec-3411,sport,Lewsey puzzle over disallowed try
1349,dec-2288,technology,Lifestyle 'governs mobile choice'
1350,dec-1460,sport,Linesman defends disallowed goal
1351,dec-3392,sport,London Irish 19-33 Wasps
1352,dec-0393,sport,Melzer shocks Agassi
1353,dec-1629,technology,Microsoft plans 'safer ID' system
1354,dec-1156,technology,Millions to miss out on the net
1355,dec-0557,technology,Mobile games come of age
1356,dec-4844,technology,Mobile gig aims to rock 3G
1357,dec-3260,sport,Moya fights back for Indian title
1358,dec-1963,technology,Multi-purpose TV aids India
1359,dec-3608,sport,Munster Cup tie switched to Spain
1360,dec-4161,business,Nortel in $300m profit revision
1361,dec-0910,sport,Officials respond in court row
1362,dec-4820,business,Oil rebounds from weather effect
1363,dec-2402,sport,Parry firm over Gerrard
1364,dec-1135,sport,Parry puts Gerrard 'above money'
1365,dec-0909,technology,Piero gives rugby perspective
1366,dec-4678,technology,Players sought for $1m prize
1367,dec-0712,sport,QPR keeper Day heads for Preston
1368,dec-0481,business,Renault boss hails 'great year'
1369,dec-3993,technology,Report: Benitez delight after crucial win
1370,dec-3175,technology,Rings of steel combat net attacks
1371,dec-3052,business,Saudi NCCI's shares soar
1372,dec-3186,technology,Savvy searchers fail to spot ads
1373,dec-0204,sport,Scots suffer another injury blow
1374,dec-4675,technology,Search wars hit desktop PCs
1375,dec-2813,technology,Security warning over 'FBI virus'
1376,dec-3030,technology,Slow start to speedy net services
1377,dec-3403,technology,Sony PSP handheld console hits US
1378,dec-2445,technology,Sony PSP tipped as a 'must-have'
1379,dec-4353,sport,Stevens named in England line-up
1380,dec-2117,technology,T-Mobile bets on 'pocket office'
1381,dec-3966,business,Takeover offer for Sunderland FC
1382,dec-1690,technology,The future in your pocket
1383,dec-3207,sport,The gloves are off
1384,dec-2963,sport,Tigers wary of Farrell 'gamble'
1385,dec-2023,business,Troubled Marsh under SEC scrutiny
1386,dec-2397,technology,UK gets official virus alert site
1387,dec-3903,technology,US blogger fired by her airline
1388,dec-3692,business,US company admits Benin bribery
1389,dec-0367,business,US seeks new $280bn smoker ruling
1390,dec-3169,technology,US woman sues over cartridges
1391,dec-0271,sport,Uefa approves fake grass
1392,dec-4210,sport,Unclear future for striker Baros
1393,dec-0983,business,Venezuela reviews foreign deals
1394,dec-3570,sport,Vickery out of Six Nations
1395,dec-2331,sport,Wales make two changes for France
1396,dec-3694,technology,Warning over tsunami aid website
1397,dec-1576,business,Weak dollar hits Online News
1398,dec-4918,sport,Wenger dejected as Arsenal slump
1399,dec-2759,technology,What high-definition will do to DVDs
1400,dec-4347,technology,What's next for next-gen consoles?
1401,dec-3179,business,Why few targets are better than many
1402,dec-1456,technology,Wi-fi web reaches farmers in Peru
1403,dec-2238,sport,Woodward eyes Brennan for Lions
1404,dec-2334,business,WorldCom trial starts in New York
1405,dec-2095,business,Yukos accused of lying to court
1406,dec-1351,business,Yukos drops banks from court bid
1407,dec-0068,sport,Zambia confident and cautious
